A'Beckett St - Tunnel,MON to SAT,A'Beckett St Melbourne,"Bags Of Shirts, Pants & Overalls",Deliver To Change Rooms,,Price Rise,%
Altona Police Station,WED,"1 Galvin St, Altona ",Pick Up/ Deliver - Cell blankets,9392 3111,,,
ARA,,"Level 4, 289 Wallington Parade South, East Melb",,,,,
Atlantic Group ,MON on call,"43 Agosta Drive, Laverton North ",On Call,NIKHIL NISCHAL 0430 308 454,,,
ATL MELBOURNE CONNECT,ON CALL,"700 SWANSTON ST, CARLTON",,TIM KOCHITZKE 0400 1310382,,,
Aware Health,MON WED FRI,1/22 Mason St Newport,Pick Up And Drop Off Bags Of Towels,,,7/12/2023,10%
Black Sheep,FRI,"25B Vernon St, South Kingsville",50 Tea Towels And 40 Microfibre Blue,On Invoice,,,
Butchers Yarraville,MON THURS,44 Simpson St Yarraville,Bag Of Aprons,,,,
Concept Engineering ,MON on call,1/32 Westside Drive Laverton North,Pick Up Drop Off Overalls,On Call,,,
Cupcake Queen,THURS fortnightly,17 Hall St Yarraville,50 Tea Towels,,,,
Curtis Stone Events,MON WED,Australian Unity Building - Enter Via Little Latrobe,,Nick - 0419683671,,,
Daffy Contracting,MON,89 A  Strzelecki Ave Sunshine West ,Bags Of Overalls,,,,
Federal/Family Court,TUE FRI,Cnr Alsop Lane And Lt Lonsdale Street,"Drop Off & Pick Up Towels, Tea Towels, Table Cloths, Robes, Shirts, Pants, Jackets, Ties, Scarves","Entrance Via Lt Lonsdale, Can Drive Directly Into The Guard House For Easy Collection ",,,
Federation Square,MON WED FRI SAT,"Swanston St & Flinders St, Melbourne","Bags Of Shirts, Pants & Overalls - Take Wheely Bin",Deliver To Clean Side Change Rooms,,,
Food And Desire,TUE THURS,"114 Munro St, South Melbourne Vic 3205",Hanging Garments / Bag Aprons,,,,
G.T Recycling,WED,"100 Point Henry Rd, Moolap ",Soft plastic drop off,,,,
Goodyear Werribee (Monthly),,"11 Bridge St, Werribee","1 X Medium Mats, 10 X Roll Towel",First Friday Of Month (Take invoice from Shane or Sunil before leaving),,,
Grand Chancellor,MON to SAT,"131 Lonsdale St, Melbourne VIC 3000",Hanging Orders,Drop Off Pick Up From Cupboard,,,
Gratia Beauty,TUE FRI,Shop 100 /179 Little Bourke Street Melbourne CBD,Bag Of Towels,Pick up/Drop off,,,
Greek Church,MON THURS,"Millers Rd, Altona",Pickup Only of Table Cloths,Ayman - 0410 260 716,,,
Grill Americano,MON to SAT,Entry via Flinders Lane(101 Collins St loading dock),NAPKINS. Hanging staff uniforms. Drop off/pick up,STAFF ROOM CODE C30XY,,,
Hagen South Melbourne,FRI,South Melbourne Market York Street,Hanging / Bag Of Aprons,Pick Up Also,,,
Hagen's Bentleigh,TUE,"35 Patterson Rd, Bentleigh Vic 3204",Aprons And Hanging Garments,Pick Up Also,,,
Hagen's Marketplace,THURS,Victoria Market,,,,,
Hagen's Prahran,THURS,Prahran Market,Hanging Coates/ Bag Of Aprons,,,,
Hilton Hotel,MON to SAT,18 Little Queen Lane,Hang Staff Uniforms,Collapsible Trolly And Small Laundry Bags,,,
IGA Supermarket - Grovedale,WED,17/79 Heyers Rd Grovedale,"3 Small, 1 Medium, 2 Long Mats",,,,
IGA Supermarket - Grovedale East,WED,142-146 Marshalltown Rd Grovedale East,"2 Small Mat, 1 Medium Mat, 1 Long Mat",,,,
IKON HYGIENE SERVICES,,"47 BARETTA RD, RAVENHALL",TAKE TRUCK AND TROLLEY,LILY KURTI  0408 366 798,,,
JOHN HOLLAND WEST,TUE  THUR ,"20-40 BOOKER ST, SPOTSWOOD",PICKUP/DROP OFF UNIFORMS IN BAGS  WEST=YELLOW ,GATE CODE 2580#  CLAIRE 0412405706,,,
JOHN HOLLAND EAST,"TUE, THURS","97 KOORINGAL WAY, PORT MELB",BLUE BAGS,CLAIRE 0412405706,,,
Kempe,WED,"52-60 Moon St, Moolap","Bags Of Overalls, 5 X Small Mats, 3 X Long Mats, 12 X Roll Towel",,,,
Kempe - Incitic Pivot,WED,"40 Sea Breeze Parade, North Shore Vic",Wheelie Bin - Overalls,Contact David H - 0490 736 298 for access 5 mins before,,,
Little Ginger (On Call),customer drops off,4/10 Akuna Dr Williamstown North,"Table Cloths, Hand Towels",Nikki - 0416096414,,,
Mamma Roti,MON,"1/2 Infinity Dve, Truganina",As per order (Take his phone #),Dee 0415727560,,,
Master Dry Cleaners - Albert Park ,,35 Victoria Ave Albert Park,Store Orders - Pickup And Drop Offs ,,,,
Melbourne Airport Smartcarte,TUE  FRI,,Drop off/Pick up,,,,
Melbourne Museum,MON WED FRI,"11 Nicholson St, Carlton",Hanging tshirts and bagged blue aprons. Enter via loading bay,Soni 0430 882 488,,,
Miss Pearl,TUE THURS,"140 Southbank Blvd, Southbank.",Hanging garments.            Back door D onto Level 1. Sliding door at top of stairs.,,,,
Morning Star Hotel,THURS,"3 Electra St, Williamstown","50 Tea Towels, 40 white polish cloths (Table Cloths 135X135 - Rolling Stock Of 50)",,,,
My Mama Said,TUE  THURS  SAT,"67 Austin St, Seddon",Pick up drop off,,,,
Nhu Lan Bakery,MON,"116 Hopkins St, Footscray",Bag Of Aprons,Pick Up/Drop Off,,,
North Melb. Police Station (On Call),TUE THURS,36 Wreckyn St North Melbourne,Pick Up /Drop Off Cell Blankets,,,,
Novotel On Collins,MON to SAT,Dame Edna Place,Pick Up/Drop Off,Call 96675800  - Check if they need a pickup,,,
Oakwood,MON WED FRI,,Hanging staff uniforms. Drop off/pick up. LEVEL 2. ,Guest pick ups on call. From Reception.,,,
One Stop (On Call),on call,"99 Bell St, Preston ",Pick Up/Drop Off,,,,
Oxford Scholar,THURS,"427 Swanston St, Melbourne",150 Teatowels 150White polish cloths per week,,,,
PCI Moorabbin Airport,TUE,"2/7 Chifley Dr, Moorabbin Airport Vic 3194",Hanging Garments - Every Two Weeks,Call Beforehand - Toula - 0418680896,,,
PCI Port Melbourne,TUE,"Unit 10/9 52 Wirraway Dr,Port Melbourne",Hanging Garments,Pick Up/Drop off - Fortnightly,,,
Pier St,WED FRI,125 Pier St Altona,Folded Blue Sheets,,,,
Pullman Hotel,MON to SAT,Little Bourke St /Albian Lane,Pick Up/Drop Off,Call 0429 142 373 - Check if they need a pickup,,,
Richmond Police Station,TUE THURS,"217 Church St, Richmond",Pick Up /Drop Off Cell Blankets,,,,
Scienceworks,MON THURS,"2 Booker St, Sotswood",Pick up/Drop off tshirts and aprons via Reception,Nicole 0459 830 991 Soni 0430 882 488,,,
Seaview,MON THURS,71 Morris St Williamstown (Enter Battery Rd Gate),Pick Up Drop Off Table Linen,** Do Not Pick Up Or Deliver Before 930am **,,,
Seddon Store,,"83A Charles St, Seddon VIC 3011",Store Orders - Pickup And Drop Offs ,,,,
Sharp Welding,WED,6 Sandra Ave Norlane,"Bags Of Overalls, 2 X Roll Towel",,,,
Sims,FRI,"Cnr Shaws Rd And Tarneit Rd, Werribee",Blue Coats On Hangers,** Check CHS ***,,,
Society,MON to SAT,80 Collins Street - Little collins street ,Staff Uniforms and Aprons and Napkins,Napkins to be Delivered to Kitchen with Grey Polish Cloths,,,
Sottile'S Pizza,FRI,"12 Quarbing St, Werribee","Bags Of Aprons, 25 Tt 20 Microfibre Cloths, 1 small Mat",Use Key For Front Door Or From Milk Bar Next Door,,,
Starpharma  (Monthly) ,THURS first of the month,4/6 Southampton Cres Abbotsford,Lab Coats & Towels,First Thursday of the Month,,,
Steamatic Geelong (On Call),WED,"7 Essington St, Grovedale",Pick Up/drop off Insurance Work,Ask Phil,,,
Tasty Chips,MON to FRI,410 Somerville Rd Tottenham,"Take 2 Wheelie Bin, White Uniforms On Hanger",** Check CHS ***,,,
Techtrans,FRI fortnightly,5/395 Old Geelong Rd Hoppers Crossing,3 Roll Towel,Fortnightly,,,
The Albion Rooftop,TUE THURS,"172 York St, South Melbourne Vic 3205",Tuesday - Pick Up From Staff Room - Dirty Aprons,Thursday - Drop off to Staff Room,,,
The Butler Dry Cleaners,,"180 Camberwell Rd, Hawthorn East",Store Orders - Pickup And Drop Offs ,,,,
The Precinct Hotel,TUE THURS,"60 Swan St, Cremorne Vic 3121",Tuesday - Pick Dirty Aprons For Staff Room,Thursday - Drop off Only,,,
The Views - Werribee Golf Club,FRI,K Road South Werribee,Pickup/Drop off,,,,
Velvet Bean,FRI,"5/112 Pier St, Altona",50 Teatowels per week,,,,
Victor Churchill,TUE THURS SAT,"953 High Street, Armadale, VIC 3143",Gate Code - 9783,,,,
Victoria Hotel,MON to SAT,"215 Little Collins St, Melbourne",Hanging staff uniforms. Drop off/pick up,,,,
Voco,MON to SAT,"371 Little Lonsdale St, Melbourne.",Hanging staff uniforms. Drop off/pick up,Mert 0423745623     0438209485,,,
VRC,MON THURS,,After race meets,,,,
Westbourne Grammar School,MON FRI ON CALL,"300 Sayers Rd, Truganina",Pick up/drop off tablecloths from Reception,Andrea Cairns 9731 9427,,,
Western Imaging For Women,MON THURS,"Level 2 suite 16/1 Thomas Holmes St, Maribyrnong",Bags Of Towels,Pick Up & Deliver from level 2,,,
Williamstown Butcher,MON,3 Becroft Mews Williamstown,Bag Of Aprons,Must Wear A Hat - Pick Up Also,,,
Williamstown Police (On Call),on call,100 Nelson Parade Williamstown,Pick Up /Drop Off Cell Blankets,Call Beforehand 9393 9555,,,
Woodfrog Bakery,TUE THURS,"108A Barkly Street,St Kilda","Tuesday - 3 Small Matts, 1 Rubber Mat, tin liners/Bag Of Apron ",Thursday - Bag Of Apron/Tin Liners,,,
Wyndham Council (depot),FRI,241 Old Geelong Road Hoppers,Bag(S) Of Overalls,2 bags,,,
Urban Edge,,"Level 1/90 Maribyrnong St, Footscray ",Bags of towels. Drop off/pick up.,,,,
